119.115.235.131,8118
119.115.235.131,8118
119.115.235.131,8118
119.115.235.131,8118
119.115.235.131,8118
119.115.235.131,8118
119.115.235.131,8118
119.115.235.131,8118
119.115.235.131,8118
119.115.235.131,8118
119.115.235.131,8118
119.115.235.131,8118
119.115.235.131,8118
119.115.235.131,8118
119.115.235.131,8118
119.115.235.131,8118
183.159.84.219,18118
183.159.84.219,18118
117.36.103.170,8118
117.36.103.170,8118
117.36.103.170,8118
183.159.91.182,18118
171.115.237.247,61234
119.115.235.131,8118
183.159.83.2,18118
222.218.252.194,8118
183.159.84.19,18118
171.115.237.29,61234
49.79.193.138,61234
112.86.153.61,8118
60.177.224.173,18118
182.88.186.129,8123
183.159.80.138,18118
183.159.93.28,18118
183.159.87.155,18118
114.215.83.184,3128
122.114.31.177,808
61.135.217.7,80
218.72.109.166,18118
124.235.121.216,8118
183.159.84.219,18118
101.37.79.125,3128
203.174.112.13,3128
60.190.199.68,808
120.78.78.141,8888
119.28.152.208,80
183.184.193.200,9797
183.30.197.97,9797
118.212.137.135,31288
139.224.80.139,3128
119.29.185.79,8080
219.245.18.63,3128
113.12.72.24,3128
112.115.57.20,3128
114.215.95.188,3128
122.72.18.35,80
122.72.18.34,80
120.77.254.116,3128
171.37.53.233,9797
113.76.96.17,9797
120.26.110.59,8080
183.159.91.182,18118
101.37.79.125,3128
60.190.199.68,808
222.218.252.194,8118
183.159.84.19,18118
49.79.193.138,61234
182.88.186.129,8123
183.159.80.138,18118
183.159.93.28,18118
120.78.78.141,8888
119.28.152.208,80
183.184.193.200,9797
183.30.197.97,9797
118.212.137.135,31288
139.224.80.139,3128
119.29.185.79,8080
114.215.83.184,3128
219.245.18.63,3128
114.215.95.188,3128
122.72.18.35,80
171.115.237.247,61234
119.115.235.131,8118
183.159.83.2,18118
203.174.112.13,3128
171.115.237.29,61234
112.86.153.61,8118
60.177.224.173,18118
183.159.87.155,18118
122.114.31.177,808
61.135.217.7,80
113.12.72.24,3128
112.115.57.20,3128
124.235.121.216,8118
183.159.84.219,18118
120.26.110.59,8080
202.104.184.5,808
183.159.95.221,18118
183.33.131.156,9797
58.252.6.165,9000
183.159.94.148,18118
110.73.30.246,6666
112.114.78.54,6673
121.31.103.33,6666
171.38.64.67,6675
112.114.76.176,6668
222.172.239.69,6666
113.121.245.32,6667
114.239.253.38,6666
116.28.106.165,6666
220.179.214.77,6666
110.73.32.7,6666
114.139.48.8,6668
111.124.231.101,6668
118.80.181.186,6675
113.122.42.161,6675
60.211.17.10,6675
110.72.20.245,6673
110.73.33.207,6673
122.89.138.20,6675
61.138.104.30,1080
183.159.91.182,18118
171.115.237.247,61234
119.115.235.131,8118
183.159.83.2,18118
222.218.252.194,8118
183.159.84.19,18118
171.115.237.29,61234
49.79.193.138,61234
112.86.153.61,8118
60.177.224.173,18118
182.88.186.129,8123
183.159.80.138,18118
183.159.93.28,18118
183.159.87.155,18118
114.215.83.184,3128
122.114.31.177,808
61.135.217.7,80
218.72.109.166,18118
124.235.121.216,8118
183.159.84.219,18118
101.37.79.125,3128
203.174.112.13,3128
60.190.199.68,808
120.78.78.141,8888
119.28.152.208,80
183.184.193.200,9797
183.30.197.97,9797
118.212.137.135,31288
139.224.80.139,3128
119.29.185.79,8080
219.245.18.63,3128
113.12.72.24,3128
112.115.57.20,3128
114.215.95.188,3128
122.72.18.35,80
122.72.18.34,80
120.77.254.116,3128
171.37.53.233,9797
113.76.96.17,9797
120.26.110.59,8080
183.159.91.182,18118
101.37.79.125,3128
60.190.199.68,808
222.218.252.194,8118
183.159.84.19,18118
49.79.193.138,61234
182.88.186.129,8123
183.159.80.138,18118
183.159.93.28,18118
120.78.78.141,8888
119.28.152.208,80
183.184.193.200,9797
183.30.197.97,9797
118.212.137.135,31288
139.224.80.139,3128
119.29.185.79,8080
114.215.83.184,3128
219.245.18.63,3128
114.215.95.188,3128
122.72.18.35,80
171.115.237.247,61234
119.115.235.131,8118
183.159.83.2,18118
203.174.112.13,3128
171.115.237.29,61234
112.86.153.61,8118
60.177.224.173,18118
183.159.87.155,18118
122.114.31.177,808
61.135.217.7,80
113.12.72.24,3128
112.115.57.20,3128
124.235.121.216,8118
183.159.84.219,18118
120.26.110.59,8080
202.104.184.5,808
183.159.95.221,18118
183.33.131.156,9797
58.252.6.165,9000
183.159.94.148,18118
110.73.30.246,6666
112.114.78.54,6673
121.31.103.33,6666
171.38.64.67,6675
112.114.76.176,6668
222.172.239.69,6666
113.121.245.32,6667
114.239.253.38,6666
116.28.106.165,6666
220.179.214.77,6666
110.73.32.7,6666
114.139.48.8,6668
111.124.231.101,6668
118.80.181.186,6675
113.122.42.161,6675
60.211.17.10,6675
110.72.20.245,6673
110.73.33.207,6673
122.89.138.20,6675
61.138.104.30,1080
